-- phpMyAdmin SQL Dump
-- version 4.8.5
-- https://www.phpmyadmin.net/
--
-- Servidor: 127.0.0.1
-- Tiempo de generación: 04-06-2024 a las 03:48:24
-- Versión del servidor: 10.1.39-MariaDB
-- Versión de PHP: 7.3.5

SET SQL_MODE = "NO_AUTO_VALUE_ON_ZERO";
SET AUTOCOMMIT = 0;
START TRANSACTION;
SET time_zone = "+00:00";


/*!40101 SET @OLD_CHARACTER_SET_CLIENT=@@CHARACTER_SET_CLIENT */;
/*!40101 SET @OLD_CHARACTER_SET_RESULTS=@@CHARACTER_SET_RESULTS */;
/*!40101 SET @OLD_COLLATION_CONNECTION=@@COLLATION_CONNECTION */;
/*!40101 SET NAMES utf8mb4 */;

--
-- Base de datos: `spotify`
--

-- --------------------------------------------------------

--
-- Estructura de tabla para la tabla `artista`
--

CREATE TABLE `artista` (
  `id` int(11) NOT NULL,
  `nombre` varchar(100) NOT NULL,
  `descripcion` varchar(100) NOT NULL
) ENGINE=InnoDB DEFAULT CHARSET=utf8mb4;

--
-- Volcado de datos para la tabla `artista`
--

INSERT INTO `artista` (`id`, `nombre`, `descripcion`) VALUES
(1, 'BTS', 'Grupo de KPOP mas famoso'),
(2, 'Natanael cano', 'Cantante mexicano de corridos tumbados'),
(3, 'Caifanes', 'Banda mexicana de rock fundada en 1989'),
(4, 'Gustavo Cerati', 'Guitarrista Argentino'),
(5, 'Tv girl', 'Grupo musical de estados unidos'),
(6, 'Muse', 'Banda de rock de Reino Unido'),
(7, 'Radiohead', 'Banda de rock britanica'),
(8, 'Kendrick Lamar', 'Rapero estadounidense'),
(9, 'Frank Sinatra', 'Cantante estadounidense'),
(10, 'The Strokes', 'Banda estadounidense de rock');

-- --------------------------------------------------------

--
-- Estructura de tabla para la tabla `artistas_canciones`
--

CREATE TABLE `artistas_canciones` (
  `id` int(11) NOT NULL,
  `artista_id` int(11) NOT NULL,
  `cancion_id` int(11) NOT NULL
) ENGINE=InnoDB DEFAULT CHARSET=utf8mb4;

-- --------------------------------------------------------

--
-- Estructura de tabla para la tabla `canciones`
--

CREATE TABLE `canciones` (
  `id` int(11) NOT NULL,
  `nombre` varchar(200) NOT NULL,
  `genero_id` int(11) NOT NULL,
  `duracion` time NOT NULL,
  `fecha` date NOT NULL,
  `activo` tinyint(1) NOT NULL,
  `foto` varchar(100) NOT NULL
) ENGINE=InnoDB DEFAULT CHARSET=utf8mb4;

--
-- Volcado de datos para la tabla `canciones`
--

INSERT INTO `canciones` (`id`, `nombre`, `genero_id`, `duracion`, `fecha`, `activo`, `foto`) VALUES
(1, 'No dejes que', 1, '00:04:38', '2019-09-11', 1, 'Mascara'),
(2, 'Antes de que nos olviden', 1, '00:06:11', '2024-03-13', 1, 'Mascara'),
(3, 'Afuera', 1, '00:06:10', '2024-06-02', 1, 'popocatepetl'),
(4, 'El año del dragon', 1, '00:05:02', '2024-04-15', 1, 'popocatepetl'),
(5, 'llorona', 1, '00:02:04', '2024-06-01', 1, 'popocatepetl'),
(6, 'miedo', 1, '00:04:00', '2024-06-01', 1, 'popocatepetl'),
(7, 'Ayer medijo un ave', 1, '00:08:30', '2024-06-01', 1, 'popocatepetl'),
(8, 'Aqui no es asi', 1, '00:03:12', '2024-06-02', 1, 'popocatepetl'),
(9, 'Avientame', 1, '00:03:03', '2024-06-01', 1, 'popocatepetl'),
(10, 'Hasta que dejes de respirar', 1, '00:05:03', '2024-06-02', 1, 'popocatepetl'),
(11, 'Quisiera ser alcohol', 1, '00:02:04', '2024-03-12', 1, 'popocatepetl'),
(12, 'Pero nunca me cai', 1, '00:05:08', '2024-05-29', 1, 'popocatepetl\r\n'),
(13, 'metamorfeame', 1, '00:05:33', '2024-02-19', 1, 'Mascara'),
(14, 'Nubes', 1, '00:04:05', '2024-03-12', 1, 'Mascara'),
(15, 'Piedra', 1, '00:02:04', '2024-06-01', 1, 'Mascara'),
(16, 'Diran de mi', 1, '00:04:21', '2023-10-18', 1, 'globo aerostatico'),
(17, 'Mas altas que bajadas', 1, '00:04:29', '2024-06-02', 1, 'globo aerostatico');

-- --------------------------------------------------------

--
-- Estructura de tabla para la tabla `favoritas`
--

CREATE TABLE `favoritas` (
  `id` int(11) NOT NULL,
  `usuario_id` int(11) NOT NULL,
  `cancion_id` int(11) NOT NULL
) ENGINE=InnoDB DEFAULT CHARSET=utf8mb4;

-- --------------------------------------------------------

--
-- Estructura de tabla para la tabla `genero`
--

CREATE TABLE `genero` (
  `id` int(11) NOT NULL,
  `nombre` varchar(100) NOT NULL
) ENGINE=InnoDB DEFAULT CHARSET=utf8mb4;

--
-- Volcado de datos para la tabla `genero`
--

INSERT INTO `genero` (`id`, `nombre`) VALUES
(1, 'Rock'),
(2, 'jazz'),
(3, 'phonk'),
(4, 'funk'),
(5, 'corridos'),
(6, 'regional mexicano'),
(7, 'lofi'),
(8, 'clasica');

-- --------------------------------------------------------

--
-- Estructura de tabla para la tabla `membresia`
--

CREATE TABLE `membresia` (
  `id` int(11) NOT NULL,
  `descripcion` varchar(100) NOT NULL,
  `precio` double NOT NULL
) ENGINE=InnoDB DEFAULT CHARSET=utf8mb4;

--
-- Volcado de datos para la tabla `membresia`
--

INSERT INTO `membresia` (`id`, `descripcion`, `precio`) VALUES
(1, 'individual', 129),
(2, 'estudiantes', 69),
(3, 'duo', 169),
(4, 'familiar', 199);

-- --------------------------------------------------------

--
-- Estructura de tabla para la tabla `playlist`
--

CREATE TABLE `playlist` (
  `id` int(11) NOT NULL,
  `nombre` varchar(200) NOT NULL,
  `usuario_id` int(11) NOT NULL,
  `duracion` time NOT NULL,
  `total_canciones` int(11) NOT NULL,
  `descripcion` varchar(200) NOT NULL,
  `public` tinyint(1) NOT NULL
) ENGINE=InnoDB DEFAULT CHARSET=utf8mb4;

-- --------------------------------------------------------

--
-- Estructura de tabla para la tabla `playlist_canciones`
--

CREATE TABLE `playlist_canciones` (
  `id` int(11) NOT NULL,
  `playlist_id` int(11) NOT NULL,
  `cancion_id` int(11) NOT NULL,
  `usuario_id` int(11) NOT NULL
) ENGINE=InnoDB DEFAULT CHARSET=utf8mb4;

-- --------------------------------------------------------

--
-- Estructura de tabla para la tabla `usuarios`
--

CREATE TABLE `usuarios` (
  `id` int(11) NOT NULL,
  `nombre` varchar(100) NOT NULL,
  `correo` varchar(150) NOT NULL,
  `membresia_id` int(11) NOT NULL
) ENGINE=InnoDB DEFAULT CHARSET=utf8mb4;

--
-- Volcado de datos para la tabla `usuarios`
--

INSERT INTO `usuarios` (`id`, `nombre`, `correo`, `membresia_id`) VALUES
(1, 'Axel', 'axel@gmail.com', 1),
(2, 'Jeyli', 'jeyli@gmail.com', 1),
(3, 'Federico', 'federico@gmail.com', 3),
(4, 'Alejandra', 'alejandra@gmail.com', 3),
(5, 'Juan', 'Juan@gmail.com', 4),
(6, 'Hilda', 'Hilda@gmail.com', 4),
(7, 'Ethan', 'ethan@gmail.com', 4),
(8, 'Santiago', 'santiago@gmail.com', 4),
(9, 'Joaquin', 'joaquin@gmail.com', 3),
(10, 'jesica', 'jesica@gmail.com', 3);

--
-- Índices para tablas volcadas
--

--
-- Indices de la tabla `artista`
--
ALTER TABLE `artista`
  ADD PRIMARY KEY (`id`),
  ADD KEY `descripcion` (`descripcion`);

--
-- Indices de la tabla `artistas_canciones`
--
ALTER TABLE `artistas_canciones`
  ADD PRIMARY KEY (`id`),
  ADD KEY `artista_id` (`artista_id`,`cancion_id`),
  ADD KEY `artista_id_2` (`artista_id`,`cancion_id`),
  ADD KEY `artista_id_3` (`artista_id`,`cancion_id`),
  ADD KEY `artista_id_4` (`artista_id`,`cancion_id`),
  ADD KEY `cancion_id` (`cancion_id`);

--
-- Indices de la tabla `canciones`
--
ALTER TABLE `canciones`
  ADD PRIMARY KEY (`id`),
  ADD KEY `genero_id` (`genero_id`);

--
-- Indices de la tabla `favoritas`
--
ALTER TABLE `favoritas`
  ADD PRIMARY KEY (`id`),
  ADD KEY `usuario_id` (`usuario_id`,`cancion_id`),
  ADD KEY `cancion_id` (`cancion_id`);

--
-- Indices de la tabla `genero`
--
ALTER TABLE `genero`
  ADD PRIMARY KEY (`id`);

--
-- Indices de la tabla `membresia`
--
ALTER TABLE `membresia`
  ADD PRIMARY KEY (`id`);

--
-- Indices de la tabla `playlist`
--
ALTER TABLE `playlist`
  ADD PRIMARY KEY (`id`),
  ADD KEY `usuario_id` (`usuario_id`);

--
-- Indices de la tabla `playlist_canciones`
--
ALTER TABLE `playlist_canciones`
  ADD PRIMARY KEY (`id`),
  ADD KEY `playlist_id` (`playlist_id`,`cancion_id`,`usuario_id`),
  ADD KEY `cancion_id` (`cancion_id`),
  ADD KEY `usuario_id` (`usuario_id`);

--
-- Indices de la tabla `usuarios`
--
ALTER TABLE `usuarios`
  ADD PRIMARY KEY (`id`),
  ADD KEY `membresia_id` (`membresia_id`);

--
-- AUTO_INCREMENT de las tablas volcadas
--

--
-- AUTO_INCREMENT de la tabla `artista`
--
ALTER TABLE `artista`
  MODIFY `id` int(11) NOT NULL AUTO_INCREMENT, AUTO_INCREMENT=11;

--
-- AUTO_INCREMENT de la tabla `artistas_canciones`
--
ALTER TABLE `artistas_canciones`
  MODIFY `id` int(11) NOT NULL AUTO_INCREMENT;

--
-- AUTO_INCREMENT de la tabla `canciones`
--
ALTER TABLE `canciones`
  MODIFY `id` int(11) NOT NULL AUTO_INCREMENT, AUTO_INCREMENT=18;

--
-- AUTO_INCREMENT de la tabla `favoritas`
--
ALTER TABLE `favoritas`
  MODIFY `id` int(11) NOT NULL AUTO_INCREMENT;

--
-- AUTO_INCREMENT de la tabla `genero`
--
ALTER TABLE `genero`
  MODIFY `id` int(11) NOT NULL AUTO_INCREMENT, AUTO_INCREMENT=9;

--
-- AUTO_INCREMENT de la tabla `membresia`
--
ALTER TABLE `membresia`
  MODIFY `id` int(11) NOT NULL AUTO_INCREMENT, AUTO_INCREMENT=5;

--
-- AUTO_INCREMENT de la tabla `playlist`
--
ALTER TABLE `playlist`
  MODIFY `id` int(11) NOT NULL AUTO_INCREMENT;

--
-- AUTO_INCREMENT de la tabla `playlist_canciones`
--
ALTER TABLE `playlist_canciones`
  MODIFY `id` int(11) NOT NULL AUTO_INCREMENT;

--
-- AUTO_INCREMENT de la tabla `usuarios`
--
ALTER TABLE `usuarios`
  MODIFY `id` int(11) NOT NULL AUTO_INCREMENT, AUTO_INCREMENT=15;

--
-- Restricciones para tablas volcadas
--

--
-- Filtros para la tabla `artistas_canciones`
--
ALTER TABLE `artistas_canciones`
  ADD CONSTRAINT `artistas_canciones_ibfk_1` FOREIGN KEY (`artista_id`) REFERENCES `artista` (`id`),
  ADD CONSTRAINT `artistas_canciones_ibfk_2` FOREIGN KEY (`cancion_id`) REFERENCES `canciones` (`id`);

--
-- Filtros para la tabla `canciones`
--
ALTER TABLE `canciones`
  ADD CONSTRAINT `canciones_ibfk_1` FOREIGN KEY (`genero_id`) REFERENCES `genero` (`id`);

--
-- Filtros para la tabla `favoritas`
--
ALTER TABLE `favoritas`
  ADD CONSTRAINT `favoritas_ibfk_1` FOREIGN KEY (`cancion_id`) REFERENCES `canciones` (`id`),
  ADD CONSTRAINT `favoritas_ibfk_2` FOREIGN KEY (`usuario_id`) REFERENCES `usuarios` (`id`);

--
-- Filtros para la tabla `playlist`
--
ALTER TABLE `playlist`
  ADD CONSTRAINT `playlist_ibfk_1` FOREIGN KEY (`usuario_id`) REFERENCES `usuarios` (`id`);

--
-- Filtros para la tabla `playlist_canciones`
--
ALTER TABLE `playlist_canciones`
  ADD CONSTRAINT `playlist_canciones_ibfk_1` FOREIGN KEY (`cancion_id`) REFERENCES `canciones` (`id`),
  ADD CONSTRAINT `playlist_canciones_ibfk_2` FOREIGN KEY (`playlist_id`) REFERENCES `playlist` (`id`),
  ADD CONSTRAINT `playlist_canciones_ibfk_3` FOREIGN KEY (`usuario_id`) REFERENCES `usuarios` (`id`);

--
-- Filtros para la tabla `usuarios`
--
ALTER TABLE `usuarios`
  ADD CONSTRAINT `usuarios_ibfk_1` FOREIGN KEY (`membresia_id`) REFERENCES `membresia` (`id`);
COMMIT;

/*!40101 SET CHARACTER_SET_CLIENT=@OLD_CHARACTER_SET_CLIENT */;
/*!40101 SET CHARACTER_SET_RESULTS=@OLD_CHARACTER_SET_RESULTS */;
/*!40101 SET COLLATION_CONNECTION=@OLD_COLLATION_CONNECTION */;
